Word,Previous Words,Next Words
Unity,No word here Publications Analogous,in the Writings
in,No word here No word here Unity,the Writings of
the,Analogous Unity in,Writings of John
of,in the Writings,John Duns Scotus
John,the Writings of,Duns Scotus Domenic
Duns,Writings of John,Scotus Domenic D'EttoreJournal
Domenic,John Duns Scotus,D'EttoreJournal History PhilosophyVolume
History,Scotus Domenic D'EttoreJournal,PhilosophyVolume Number Octoberpp-(Article)Published
Number,D'EttoreJournal History PhilosophyVolume,Octoberpp-(Article)Published by Johns
by,PhilosophyVolume Number Octoberpp-(Article)Published,Johns Hopkins University
Johns,Number Octoberpp-(Article)Published by,Hopkins University PressDOIFor
Hopkins,Octoberpp-(Article)Published by Johns,University PressDOIFor additional
University,by Johns Hopkins,PressDOIFor additional information
information,University PressDOIFor additional,about this articleFor
about,PressDOIFor additional information,this articleFor content
this,additional information about,articleFor content related
content,about this articleFor,related to articlehttps//doiorg//hphhttps//musejhuedu/article/https//musejhuedu/related_contenttype=article&id=*
to,articleFor content related,articlehttps//doiorg//hphhttps//musejhuedu/article/https//musejhuedu/related_contenttype=article&id=* D’Ettore is
is,to articlehttps//doiorg//hphhttps//musejhuedu/article/https//musejhuedu/related_contenttype=article&id=* D’Ettore,an associate professor
an,articlehttps//doiorg//hphhttps//musejhuedu/article/https//musejhuedu/related_contenttype=article&id=* D’Ettore is,associate professor philosophy
associate,D’Ettore is an,professor philosophy at
professor,is an associate,philosophy at Marian
philosophy,an associate professor,at Marian UniversityJournal
at,associate professor philosophy,Marian UniversityJournal Philosophyvolno()
Marian,professor philosophy at,UniversityJournal Philosophyvolno() –[]Analogous
four,D’ETTORE*abstract Aristotle identifies,modes unitynumericalspecificgenericand proportional
modes,Aristotle identifies four,unitynumericalspecificgenericand proportional or
or,modes unitynumericalspecificgenericand proportional,analogousRecent scholarship has
has,or analogousRecent scholarship,renewed Renaissance and
Renaissance,scholarship has renewed,and early Modern
and,has renewed Renaissance,early Modern Thomist
early,renewed Renaissance and,Modern Thomist critique
Modern,Renaissance and early,Thomist critique that
that,Modern Thomist critique,Scotus’s (d) doctrine
(d),critique that Scotus’s,doctrine univocity being
being,(d) doctrine univocity,based on a
based,doctrine univocity being,on a failure
on,univocity being based,a failure appreciate
a,being based on,failure appreciate unityThis
paper,failure appreciate unityThis,attempts fill gap
fill,unityThis paper attempts,gap copious literature
gap,paper attempts fill,copious literature presenting
literature,fill gap copious,presenting offering analysis
where,offering analysis texts,addresses topic analogous
topic,texts where addresses,analogous unityThe argues
argues,topic analogous unityThe,mature works consistently
works,unityThe argues mature,consistently reject notion
notion,works consistently reject,unity can serve
unity,consistently reject notion,can serve as
can,reject notion unity,serve as foundation
serve,notion unity can,as foundation for
as,unity can serve,foundation for greater
foundation,can serve as,for greater than
for,serve as foundation,greater than equivocal
greater,as foundation for,than equivocal between
than,foundation for greater,equivocal between conceptsand
developed,equivocal between conceptsand,position represents alternative
position,between conceptsand developed,represents alternative Aristotle’s
alternative,developed position represents,Aristotle’s division into
division,represents alternative Aristotle’s,into numericalspecificgenericand analogousNonethelessScotus’s
into,alternative Aristotle’s division,numericalspecificgenericand analogousNonethelessScotus’s remarks
provide,analogousNonethelessScotus’s remarks mind-independent,both internal justification
both,remarks mind-independent provide,internal justification dispute
over,ensues Thomists Scotists,whether single concept
single,Scotists over whether,concept signify analogously—a
concept,over whether single,signify analogously—a features
features,concept signify analogously—a,such distinguished participants
such,signify analogously—a features,distinguished participants Thomas
Thomas,such distinguished participants,de Vio Cajetan
de,distinguished participants Thomas,Vio Cajetan (–
Vio,participants Thomas de,Cajetan (– )
Cajetan,Thomas de Vio,(– ) Bartolomaeus
Bartolomaeus,Cajetan (– ),Mastrius (–)—and avenue
avenue,Bartolomaeus Mastrius (–)—and,further investigation thought
further,Mastrius (–)—and avenue,investigation thought Subtle
thought,avenue further investigation,Subtle Doctorkeywords unityanalogyunivocity
duns,unityanalogyunivocity beingJohn ScotusAristotleScotismThomismintroductionjohn,scotus his followers
his,ScotusAristotleScotismThomismintroductionjohn duns scotus,followers stand out
stand,scotus his followers,out among great
out,his followers stand,among great medieval
among,followers stand out,great medieval philosophers
great,stand out among,medieval philosophers affirmation
medieval,out among great,philosophers affirmation other
other,medieval philosophers affirmation,perfections are univocal
are,affirmation other perfections,univocal God creaturesSome
God,perfections are univocal,creaturesSome contemporary scholars
contemporary,univocal God creaturesSome,scholars contend arrives
through,scholars contend arrives,overlooking (also called
called,through overlooking (also,“proportional unity” “proportionality”)This
unity”,(also called “proportional,“proportionality”)This explores merits
does,passages addressing unityIt,not completely overlook
not,addressing unityIt does,completely overlook unitybut
own,developsalbeit implicitlyan account,analogousjournal history october
history,account own analogousjournal,october Analogy proportionality
october,own analogousjournal history,Analogy proportionality what
what,october Analogy proportionality,calls analogiaThomas Aquinas
DV,analogy (albeit only,qa) kind uniquely
kind,only DV qa),uniquely suited understanding
from,existence attributes creaturesDerivative,mathematical proportions holds
mathematical,attributes creaturesDerivative from,proportions holds some
some,mathematical proportions holds,pairs (or sets
sets,some pairs (or,pairs) relationshipssuch relationship
spring,pairs) relationshipssuch relationship,river point lineor
river,relationshipssuch relationship spring,point lineor rock
point,relationship spring river,lineor rock its
rock,river point lineor,its density test
its,point lineor rock,density test difficultyor
test,rock its density,difficultyor stock loss
stock,density test difficultyor,loss value ball
loss,test difficultyor stock,value ball motion
value,difficultyor stock loss,ball motion toward
ball,stock loss value,motion toward groundEach
these,motion toward groundEach,relationships grounds common
grounds,groundEach these relationships,common nameswhich names
common,these relationships grounds,nameswhich names turn
names,grounds common nameswhich,turn said members
turn,common nameswhich names,said members proportionalitythe
said,nameswhich names turn,members proportionalitythe “principles”
former,“principles” “beginnings” analogythe,rivers latter linesthe
rivers,“beginnings” analogythe former,latter linesthe rock’s
latter,analogythe former rivers,linesthe rock’s test’s
“hard”the,test’s difficulty analogously,“fall” himself treats
“fall”,difficulty analogously “hard”the,himself treats proportionality—which
he,himself treats proportionality—which,simply analogia (analogy)—as
one,simply analogia (analogy)—as,unityalong with numerical
with,(analogy)—as one unityalong,numerical unityspecific unityand
things,generic MetVb–/BarnesEach unities,their naturesAristotelians also
also,things their naturesAristotelians,speak merely subjects
subjects,also speak merely,share name but
share,speak merely subjects,name but nothing
name,merely subjects share,but nothing even
but,subjects share name,nothing even proportionally
even,name but nothing,proportionally identical naturesA
word,proportionally identical naturesA,key terms orderScotus
key,identical naturesA word,terms orderScotus scholastic
scholastic,key terms orderScotus,Aristotelian counterparts broad
broad,scholastic Aristotelian counterparts,agreement (with notable
mind,words concepts mindand,(which themselves either
outside,(which themselves either,mental concepts)The ‘univocal’
mental,themselves either outside,concepts)The ‘univocal’ ‘equivocal’
fact,‘univocal’ ‘equivocal’ arise,different be signified
be,arise fact different,signified using same
using,different be signified,same soundsThe vocal
same,be signified using,soundsThe vocal sound
sound,same soundsThe vocal,‘strike’ conveys signification
when,‘strike’ conveys signification,actions baseballin bowlingin
labor,baseballin bowlingin fightor,disputeWhereas all instances
all,fightor labor disputeWhereas,instances knocking down
down,all instances knocking,pins first try
pins,instances knocking down,first try bowling
first,knocking down pins,try bowling strike
try,down pins first,bowling strike univocally
bowling,pins first try,strike univocally each
Revised,practiceAll translations taken,Oxford Translation edited
Oxford,translations taken Revised,Translation edited Barnescitations
which,Translation edited Barnescitations,given volume page
page,which given volume,numberTranslations Latin my
Latin,volume page numberTranslations,my ownFor treatment
my,page numberTranslations Latin,ownFor treatment Metaphysics
falling,discusses “qualitative series”,under labels “indivisible
under,“qualitative series” falling,labels “indivisible form”
“indivisible,falling under labels,form” b–()and Halper
form”,under labels “indivisible,b–()and Halper highlights
highlights,form” b–()and Halper,importance biological physical
biological,Halper highlights importance,physical worksThis theory
physical,highlights importance biological,worksThis theory derives
On,worksThis theory derives,Interpretation a–On thirteenth-century
Interpretation,theory derives On,a–On thirteenth-century theories
a–On,derives On Interpretation,thirteenth-century theories significationsee
Modes,Pini“SpeciesConceptand Thing”and Ashworth“Signification,Signification” Cata–is primary
Cata–is,Ashworth“Signification Modes Signification”,primary reference distinction
reference,Signification” Cata–is primary,distinction univocal/synonymous equivocal/homonymousFor
concise,univocal/synonymous equivocal/homonymousFor recent,passagesee Ward“Aristotelian Homonymy”
See,passagesee Ward“Aristotelian Homonymy”,Many–For purposes paperI
paperI,See Many–For purposes,quote Halper’s summary
will,summary naming“In generalthentwo,named depending they
named,naming“In generalthentwo will,depending they respect
they,will named depending,respect formula formulaeand
class”,namedthey belong genus,(–emphasis original)Halper scotusthe
it,thingsFor examplethe “univocal”,strikesand “equivocal” baseball
baseball,it strikesand “equivocal”,strikesThe use another
use,“equivocal” baseball strikesThe,another uses Bowling
Bowling,use another uses,Demonstrative arguments proceed
basis,Demonstrative arguments proceed,univocityand demonstration hindered
demonstration,proceed basis univocityand,hindered equivocationNo valid
valid,demonstration hindered equivocationNo,conclusions demonstrated syllogism
term,refers variously strikeAnother,ratioThis used (a)
used,strikeAnother term ratioThis,(a) synonym signifies
(a),term ratioThis used,synonym signifies natures
synonym,ratioThis used (a),signifies natures understoodand
(b),signifies natures understoodand,mindScotus critics agree
ratio,mindScotus critics agree,sense specific nature
sense,critics agree ratio,specific nature sufficient
nature,ratio sense specific,sufficient condition demonstrationbut
within,indeed beings beings),tradition assertion (MetIIIb–)
tradition,beings beings) within,assertion (MetIIIb–) choice
science,(MetIIIb–) choice address,MetIV appealing diverse
diverse,science MetIV appealing,secondary-to-primary relations pros
relations,appealing diverse secondary-to-primary,pros hen senses
pros,diverse secondary-to-primary relations,hen senses substantial
hen,secondary-to-primary relations pros,senses substantial rather
rather,hen senses substantial,less (MetIVa–b)Among authors
less,senses substantial rather,(MetIVa–b)Among authors Middle
Middle,less (MetIVa–b)Among authors,Agesboth MetV treated
two,(“analogy”)thereby verbally blurring,sorts Ward refer
Ward,blurring two sorts,refer Irwin“Homonymy Aristotle”
refer,two sorts Ward,Irwin“Homonymy Aristotle” Irwin
Irwin,refer Irwin“Homonymy Aristotle”,emphasizes synonymy/univocity homonymy/equivocity
do,things“Homonymy indicated definitionsbut,mark replacedAristotle’s definitions
mark,indicated definitionsbut do,replacedAristotle’s definitions essence
thing,replacedAristotle’s definitions essence,definedthe replaced [by
real,(Top b–a)Now meaningit,propertya feature wordan
many,wordan universalA homonymous,because propertiesnot meanings”
because,universalA homonymous many,propertiesnot meanings” ()and
interest,meanings” ()and “[Aristotle’s],homonymy realitynot concepts”
one’,translates literally ‘toward,involve secondary depen-dent
kinds,involve secondary depen-dent,instance kindAristotle gives
instance,secondary depen-dent kinds,kindAristotle gives medical
medical,instance kindAristotle gives,examplessuch healthiness medicine
medicine,medical examplessuch healthiness,exercise healthwhich animaljournal
been,ambiguation disambiguation Ages,subject much studywith
subject,disambiguation Ages been,much studywith special
much,Ages been subject,studywith special attention
special,subject much studywith,attention scholarly writings
without,solution problem univocityThe,friends todayWith specifically
friends,problem univocityThe without,todayWith specifically theist
Lane,theist concerns mindWilliam,Craig states approval
Craig,concerns mindWilliam Lane,states approval explicitly
states,mindWilliam Lane Craig,approval explicitly claims
there,claims ScotussayingI wholeheartedly,applies creaturesOne aspects
I,creaturesOne aspects Aquinas’,find most disturbing
find,aspects Aquinas’ I,most disturbing claim
most,Aquinas’ I find,disturbing claim we
we,most disturbing claim,analogical termsWithout meaningwe
left,analogical termsWithout meaningwe,agnosticism Godable say
say,left agnosticism Godable,notnot He isScotus
He,Godable say notnot,isScotus rightly saw
saw,He isScotus rightly,existswe man existsOther
man,rightly saw existswe,existsOther philosophersincluding Williams
Williams,man existsOther philosophersincluding,Peter van Inwagen
Peter,existsOther philosophersincluding Williams,van Inwagen (who
van,philosophersincluding Williams Peter,Inwagen (who provides
lead,Quinean perspective)also follow,affirm beingIn opposition
full,McDaniel recently published,monograph supporting “ways
“ways,full monograph supporting,being” cites ancient
being”,monograph supporting “ways,cites ancient others
ancient,“ways being” cites,others affirms being”The
more,being”The debate versus,broadly) invites work
work,more broadly) invites,reasoning led him
led,invites work reasoning,him depart opinion
him,work reasoning led,depart opinion contemporariesJoshua
depart,reasoning led him,opinion contemporariesJoshua Hochschild
offers,Ashworth“Medieval Theories Analogy”,brief how Boethius’s
brief,Theories Analogy” offers,how Boethius’s treat
how,Analogy” offers brief,Boethius’s treat analogyHalperOne
treat,brief how Boethius’s,analogyHalperOne Manydescribes practice
genera”,classes beyond high-est,()Halper puts nicely
puts,high-est genera” ()Halper,nicely unitysaying“In differbut
relation,nicely unitysaying“In differbut,samein henone remains
remains,relation samein henone,samebut differ” ()Hochschild“Aquinas’s
differ”,henone remains samebut,()Hochschild“Aquinas’s Two Concepts
Two,samebut differ” ()Hochschild“Aquinas’s,Concepts –has highlighted
–has,()Hochschild“Aquinas’s Two Concepts,highlighted ques-tions across
across,–has highlighted ques-tions,categories raise semantic
raise,ques-tions across categories,semantic questions categoriesunivocally(purely)
questions,categories raise semantic,categoriesunivocally(purely) equivocallyor analogouslyHochschild
“associated,equivocallyor analogouslyHochschild distinguishes,meaning” likeness” equivocation
Les,Logic”“Metaphor Logicians Cajetan”and,théories l’analogie du
du,Les théories l’analogie,XIIe au XVIe
au,l’analogie du XIIe,XVIe siècleSee Ashworth’s
Being,“Analogy Metaphor” esp–Craig“Is,Same Sense That
Same,Metaphor” esp–Craig“Is Being,Sense That We
Sense,esp–Craig“Is Being Same,That We Are”
That,Being Same Sense,We Are” directly
We,Same Sense That,Are” directly Cosmological
Are”,Sense That We,directly Cosmological Argument
Plato,directly Cosmological Argument,Leibniz–See Williams“Doctrine Univocity”
esp–Van,Inwagen“BeingExistenceand Ontological Commitment”,places Quine response
places,Ontological Commitment” esp–Van,Quine response HeideggerFor
Quine,Commitment” esp–Van places,response HeideggerFor Williams’s
Being”,Theology –McDanielFragmentation Beingespchap“Return,chap“Degrees Being”analogous scotusothers
unique,chap“Degrees Being”analogous scotusothers,contribution creatures—that isScotus’s
product,creatures—that isScotus’s concept—is,depends upon overlookingif
upon,concept—is product depends,overlookingif rejectingthe anything
pure,overlookingif rejectingthe anything,equivocationSuch criticisms appear
were,appear fourteenth centuryand,enough schools prominent
them,enough schools prominent,developing consistent DoctorScotus’s
developing,schools prominent them,consistent DoctorScotus’s forced
well,DoctorScotus’s forced (as,finite infinite) demonstrative
no,founding contradictions recognizes,mode could have
mode,contradictions recognizes no,could have univocalFollowing
could,recognizes no mode,have univocalFollowing fifteenth-
have,no mode could,univocalFollowing fifteenth- proponent
if,proposes analogously/proportionally contradictionsandfurthermorethat,proportional/analogous unitythen purely
matter,equivocallyThe Cajetan’s proposal,dayHere am interested
am,proposal matter dayHere,interested overlooks For
For,am interested overlooks,very helpful overview
very,interested overlooks For,helpful overview up
overview,For very helpful,up proposing reconcile
up,very helpful overview,proposing reconcile de-mands
fuller,genussee Dumont“Scotus’s Doctrine,doctrinesee HonnefelderEns Inquantum
defense,Inquantum EnsFor book-length,beingsee LaZellaSingular Voice
Flanders’,Semantics Analogy–See D’Ettore“Dominic,Critique” –Thomas SuttonOP(c–)
–Thomas,D’Ettore“Dominic Flanders’ Critique”,SuttonOP(c–) figure who
figure,Critique” –Thomas SuttonOP(c–),who appeals defend
who,–Thomas SuttonOP(c–) figure,appeals defend Aquinas’s
defend,figure who appeals,Aquinas’s against Scotist
Mastri,espD’Ettore“Thomas Sutton’s unitysee,(–)espin qof Disputationes
ad,(–)espin qof Disputationes,Mentem ScotiFor statement
“Et,ScotusOrdinatio Idpars q–nVC,ne fiat contentio
ne,Idpars q–nVC “Et,fiat contentio nomine
fiat,q–nVC “Et ne,contentio nomine univocationisunivocum
ita,univocationisunivocum conceptum dicoqui,est unus quod
est,conceptum dicoqui ita,unus quod eius
quod,ita est unus,eius unitas sufficit
eius,est unus quod,unitas sufficit contradictionemaffirmando
et,unitas sufficit contradictionemaffirmando,negando ipsum eodemsufficit
pro,ipsum eodemsufficit etiam,medio syllogisticout extrema
medio,eodemsufficit etiam pro,syllogisticout extrema unita
extrema,pro medio syllogisticout,unita sic uno
unita,medio syllogisticout extrema,sic uno sine
sic,syllogisticout extrema unita,uno sine fallacia
uno,extrema unita sic,sine fallacia aequivocationis
sine,unita sic uno,fallacia aequivocationis concludantur
inter,fallacia aequivocationis concludantur,se uniri” (‘Idpars
se,aequivocationis concludantur inter,uniri” (‘Idpars qq–n’
stands,uniri” (‘Idpars qq–n’,Book part –paragraph
Book,(‘Idpars qq–n’ stands,part –paragraph number
part,qq–n’ stands Book,–paragraph number ‘VC
number,Book part –paragraph,‘VC ’ Vatican
‘VC,part –paragraph number,’ Vatican City
Vatican,number ‘VC ’,City edition Opera
City,‘VC ’ Vatican,edition Opera Omniavolume
edition,’ Vatican City,Opera Omniavolume Subsequent
Opera,Vatican City edition,Omniavolume Subsequent citations
Ordinatio,Omniavolume Subsequent citations,citation scheme) There
There,Ordinatio citation scheme),disagreement definition passage
definition,scheme) There disagreement,passage citedDumont takes
passage,There disagreement definition,citedDumont takes “functional
takes,definition passage citedDumont,“functional definition” conditions
definition”,citedDumont takes “functional,conditions univocityBy contrastCross
state,conditions univocityBy contrastCross,univocitySee Dumont“Transcendental BeingScotus
references,CrossDuns Scotusand nSee,notes aboveFor discussion
notes,Scotusand nSee references,aboveFor discussion argument
Work,promi-nent Mastriussee D’Ettore“Does,Demonstration” journal way
Demonstration”,Mastriussee D’Ettore“Does Work,journal way influence
way,Work Demonstration” journal,influence lack concerning
lack,journal way influence,concerning signifiedThere thorough
any,significant beingI unawarehoweverof,direct sakeIt intention
direct,beingI unawarehoweverof any,sakeIt intention Doctor
Doctor,direct sakeIt intention,analogiaScotus (proportional unity)
since,(proportional unity) equivocationI,helps show foundations
helps,unity) equivocationI since,show foundations thingsWhile
show,equivocationI since helps,foundations thingsWhile polemical
order,AristotleThe portion philosophical,continuity development unityI
development,philosophical order continuity,unityI conclude rejects
argue,conclude rejects analogousI,Baroque period analogouslysome
historical,Baroque period analogouslysome,backgroundMalcolm Wilson observes“Aristotle
Wilson,analogouslysome historical backgroundMalcolm,observes“Aristotle nowhere clear
clear,Wilson observes“Aristotle nowhere,extended analogyand piece
super,together espPini“Univocity Quaestiones,Metaphysicam” The author’s
The,Quaestiones super Metaphysicam”,author’s revised ver
revised,Metaphysicam” The author’s,ver -sion available
ver,The author’s revised,-sion available academiaedu
-sion,author’s revised ver,available academiaedu pageSee
lucid,available academiaedu pageSee,overall transcendentals WolterTranscendentals
overall,academiaedu pageSee lucid,transcendentals WolterTranscendentals Their
Tradition”,FunctionFor Smith“Analogy Sco-tist,–The Smith’s article
–The,Smith“Analogy Sco-tist Tradition”,Smith’s article includes
article,Tradition” –The Smith’s,includes (and perfections)
includes,–The Smith’s article,(and perfections) univocityas
late,univocityas reflected Reportatioboth,theology corpusSpeaking ReportatioSmith
“the,corpusSpeaking ReportatioSmith cautions,usefulness text limited”
text,cautions “the usefulness,limited” thatalthough “in
limited”,“the usefulness text,thatalthough “in clearly
“in,text limited” thatalthough,clearly endorse “does
“does,“in clearly endorse,explain compatible views
views,“does explain compatible,univocity” (–)The question
question,views univocity” (–)The,Repor-tatio IIdqI caution
leave,Repor-tatio IIdqI caution,consideration articleanalogous scotuswith
locus,produce coherent account”A,classicus found MetVb
found,account”A locus classicus,MetVb –a Againsome
–a,classicus found MetVb,Againsome numberothers speciesothers
species,those whose onein,predication appliesby third
third,species predication appliesby,fourthThe always areegthings
so,specieswhile numberbut genuswhile,analogywhile genus(MetVb–a/Barnes)Later bookAristotle
draws,analogywhile genus(MetVb–a/Barnes)Later bookAristotle,list numberspeciesgenusand same”
list,genus(MetVb–a/Barnes)Later bookAristotle draws,numberspeciesgenusand same” other”
same”,draws list numberspeciesgenusand,other” different” (MetVb–a/Barnes)Analogous
other”,list numberspeciesgenusand same”,different” (MetVb–a/Barnes)Analogous addition
addition,other” different” (MetVb–a/Barnes)Analogous,comparable three sameness
three,(MetVb–a/Barnes)Analogous addition comparable,sameness TopISameness would
divisions,regarded fallingroughly speakinginto,numerically cases thingegdoublet
cases,speakinginto divisions numerically,thingegdoublet cloakspecificallywhere thingbut
present,thingegdoublet cloakspecificallywhere thingbut,differences speciesas anotheror
horse,differences speciesas anotheror,anotherSimilarlytoothose generically fall
fall,horse anotherSimilarlytoothose generically,genussuch man(TopIa –/Barnes)Aristotle’s
fit,examples numberspeciesand easily,being-one genusThe object
object,fit being-one genusThe,doublet cloak matterand
cloak,genusThe object doublet,matterand accordinglythe oneThe
“man”,mensuch Socrates Platoare,“human” definitionmaking oneLikewisethe
“human”,Socrates Platoare “man”,definitionmaking oneLikewisethe human
human,“human” definitionmaking oneLikewisethe,“animal” samemaking oneUnfortunatelyAristotle
“animal”,definitionmaking oneLikewisethe human,samemaking oneUnfortunatelyAristotle samenessThat
saidhe,samemaking oneUnfortunatelyAristotle samenessThat,placesFor examplein MetXIIAristotle
NE,principles” (b –/Barnes)in,Ihe says“Things good
Ihe,(b –/Barnes)in NE,says“Things good ways
good,NE Ihe says“Things,ways be” (a–/Barnes)and
ways,Ihe says“Things good,be” (a–/Barnes)and “as
be”,says“Things good ways,(a–/Barnes)and “as sight
“as,ways be” (a–/Barnes)and,sight bodyso reason
soul”,sight bodyso reason,example something “one
“one,soul” example something,analogy” (b–/Barnes)and PA
PA,“one analogy” (b–/Barnes)and,informs reader “Bird
“Bird,PA informs reader,Fish having organsfor
Fish,informs reader “Bird,having organsfor bird
having,reader “Bird Fish,organsfor bird featherin
bird,Fish having organsfor,featherin fish scale”
fish,organsfor bird featherin,scale” (a–/Barnes)adding “resemblance
scale”,bird featherin fish,(a–/Barnes)adding “resemblance bone
bone,scale” (a–/Barnes)adding “resemblance,spine fish” (PA
spine,(a–/Barnes)adding “resemblance bone,fish” (PA Ib–/Barnes)WilsonAristotle’s
fish”,“resemblance bone spine,(PA Ib–/Barnes)WilsonAristotle’s TheorySee
rival,WilsonAristotle’s Theory–Wilson considers,lines interpretation workswhich
lines,Theory–Wilson considers rival,interpretation workswhich functionalistthe
interpretation,considers rival lines,workswhich functionalistthe relativistand
In,embryologist/genus-as-matter interpretationsand interpretationjournal,exampleswe see describes
see,interpretationjournal In exampleswe,describes similar thingsAristotle’s
“ab,thingsAristotle’s analogates represented,cd”Later Aristotelians take
take,“ab cd”Later Aristotelians,cover ab cd
cover,cd”Later Aristotelians take,ab cd mentioned
ab,Aristotelians take cover,cd mentioned more)
cd,take cover ab,mentioned more) (think
quality,urine healthor quantity,substance)In doing sothese
later,substance)In doing sothese,create blends cited
us,aboveWith proportion mindlet,now exposition analogybeginning
now,proportion mindlet us,exposition analogybeginning Metaphysicamanalogous
exposition,mindlet us now,analogybeginning Metaphysicamanalogous scotus’s
parts”,speciesand analogywhether fitting,(QMetqOP )This isof
Greek,)This isof courseextending,original meaning pertaining
original,isof courseextending Greek,meaning pertaining quantitiesScholastic
strict,‘proportion’ illustrated casual,DVqaad (Turin)“Ad sextum
(Turin)“Ad,casual strict DVqaad,sextum dicendumquod proportiopro-prie
sit,quantitates quantitatemsicut aequalis,una alterivel triplaet
una,quantitatemsicut aequalis sit,alterivel triplaet exinde
nomen,triplaet exinde translatum,proportionisut cuiuslibet rem
rem,nomen proportionisut cuiuslibet,alteram nominetur” examplesee
vero,examplesee AquinasIn MetLl(Turin)“Proportione,vel sunt unum
vel,AquinasIn MetLl(Turin)“Proportione vero,sunt unum quaecumque
sunt,MetLl(Turin)“Proportione vero vel,unum quaecumque hoc
hoc,sunt unum quaecumque,conveniuntquod habet illud
potest,sicut aliudEt quidem,accipi duobus modisvel
eo,accipi duobus modisvel,aliqua duo habent
duo,modisvel eo aliqua,habent diversas habitudines
dictum,unumsicut sanativum urina,habitudinem significat signi
signi,dictum habitudinem significat,sanitatisde medicina veroquia
medicina,significat signi sanitatisde,veroquia causae respectu
causae,sanitatisde medicina veroquia,respectu eiusdemVel eadem
mare,duorum diversasicut tranquillitatis,serenitatis aeremTranquillitas enim
enim,mare serenitatis aeremTranquillitas,quies maris serenitas
quies,serenitatis aeremTranquillitas enim,maris serenitas aeris”
maris,aeremTranquillitas enim quies,serenitas aeris” bibliographysee
aeris”,quies maris serenitas,bibliographysee above commentary
above,serenitas aeris” bibliographysee,commentary Donati transformation
Donati,bibliographysee above commentary,transformation analogySee Donati“La
transformation,above commentary Donati,analogySee Donati“La discussione
del,Donati“La discussione sull’unità,concetto di ente”
di,sull’unità del concetto,ente” –Ward makes
ente”,del concetto di,–Ward makes observation
–Ward,concetto di ente”,makes observation renaissance
renaissance,–Ward makes observation,reception Aristotlesaying“The classification
AB,‘geo-metrical’ analogya expressed,CD” (“Aristotelian )Scotus’s
CD”,analogya expressed AB,(“Aristotelian )Scotus’s QMet
draw,QMet notably difficult,positionpartially due additions
due,difficult draw positionpartially,additions made drafts
additions,draw positionpartially due,made drafts come
made,positionpartially due additions,drafts come never
come,additions made drafts,never during lifetimeOn
never,made drafts come,during lifetimeOn subjectsee
during,drafts come never,lifetimeOn subjectsee espthe
scheme,introduction critical Philosophicaxxviii–xxxviiThe,OP Bookquestion numberparagraph
OP,critical Philosophicaxxviii–xxxviiThe scheme,Bookquestion numberparagraph numberOP
number“De,numberparagraph numberOP numberpage,etcquaeritur divisione uniusquod
sive,specieet genere proportione,analogiautrum divisio convenienset
divisio,proportione sive analogiautrum,convenienset partibus” edi-tors
Codex,edi-tors indicate absent,Ebut regard authentic
Ebut,indicate absent Codex,regard authentic (n)analogous
before,explains fittingness (conveniens),sufficiencyWith fittingnessScotus observes“It
according,sufficiencyWith fittingnessScotus observes“It,logical intentions” (QMetqnOP
contrast,intentions” (QMetqnOP )Scotus,separate fivefold “one”
separate,(QMetqnOP )Scotus contrast,fivefold “one” continuityspeciesgenusdefinitionand
“one”,contrast separate fivefold,continuityspeciesgenusdefinitionand simplicityWhereas “according
“according,“one” continuityspeciesgenusdefinitionand simplicityWhereas,foundations” here intentions
here,simplicityWhereas “according foundations”,intentions founded things”
things”,here intentions founded,)That isthe thingsandalthough
need,(the studied logic),perfectly reality physics
then,turns sufficiency divisionsayingAnd,[of division] offered
table,(incommunicable) (communicable) (see,)Numerical fully covers
fully,(see table )Numerical,covers oneSpecific subdivide
covers,table )Numerical fully,oneSpecific subdivide conceptand
concept”,oneSpecific subdivide conceptand,Inasmuch divisiondefends sufficiencyand
“Dicitur,Inasmuch divisiondefends sufficiencyand,conveniens estquia ista
ista,“Dicitur conveniens estquia,secundum intentiones logicaset
prima,secundum intentiones logicaset,fundamenta realiaista fundatas
tunc,divisionsee n(OP )“Et,assignatur sufficientiaquia intellectus
sub,intellectus intelligens aliquid,ratione uniusaut intelligit
haec,uniusaut intelligit incommunicabiliset,numeralisaut praedicabilis pluribustunc
hanc,pluribus specietunc generisUltra,unitatem non invenire
non,generisUltra hanc unitatem,invenire praedicabilemtamen accipiendo
alii,accipiendo communissimum comparando,communissimoinvenitur proportionis similiter
habendo,communissimoinvenitur proportionis similiter,aliascilicet sua inferiora
sua,similiter habendo aliascilicet,inferiora praedicando quid
quid,sua inferiora praedicando,eisSic sufficiens est”journal
Division,embraces representing positionTable,logically reported ScotusThe
seen,intended simple repetition,unitywhich defines incommunicability
material,unitywhich defines incommunicability,causeFor interests paperwhat
points,causeFor interests paperwhat,unity( Just “those
Just,paperwhat points unity(,“those fourth” characterizes
“most,similarity others” )(),common” inferiorsBy ‘most
common”,others” )() “most,inferiorsBy ‘most common’
‘most,“most common” inferiorsBy,common’ coursereferring ten
common’,common” inferiorsBy ‘most,coursereferring ten beingBut
ten,‘most common’ coursereferring,beingBut notice beingAs
beingAs,ten beingBut notice,commonby definitionthey numericalspecificor
isas,numericalspecificor themyet (that,thank reviewer earlier
thank,themyet (that isas,reviewer earlier draft
reporting,earlier draft pointing,paral-lel Notabilia n–(Turnhout)in
oneI,n–(Turnhout)in explicit attributing,omit Metaphysicam brevity—it
just,omit Metaphysicam brevity—it,few lines—and QMetSee
chart,few lines—and QMetSee,difference charts emphasisThe
main,charts emphasisThe (Scotus’s,passage)and aforementioned distinctiveness
alone,passage)and aforementioned distinctiveness,conceptsScotus causality ScotusQMetqnn–OP
–See,conceptsScotus causality ScotusQMetqnn–OP,Aertsen“Being One” –On
One”,ScotusQMetqnn–OP –See Aertsen“Being,–On transcendental Scotussee
–On,–See Aertsen“Being One”,transcendental Scotussee Goris’s
study,transcendental Scotussee Goris’s,Transzendentale Einheitespchapanalogous scotusgenerically
formal,thing’s conceptinasmuch intrinsic,cause intellect’s abstraction
cause,conceptinasmuch intrinsic formal,intellect’s abstraction isa
isa,cause intellect’s abstraction,concept)Scotus raises thingsespecially
may,fourth [mode incorrect],exists intellectBut nowrelates
yet,objector’s entirely acts,counterexamples unitiessuch proportionsScotus
mind“To,granting waysand relevant,proportionI foundationsas numbersor
them”,predicates predicating contained,admits besides quale
means,predication) Function–esp“To predicate,entire (species) least
(species),predicate means entire,least determinable (genus)Such
least,means entire (species),determinable (genus)Such answer
Most,questionWhat it(Quid est)”,commons (genus)See Being“In
commons,it(Quid est)” Most,(genus)See Being“In captures
existente,subject”“Quartum nonquia essetnullo,intellectuNam haberent ergo
ergo,existente intellectuNam haberent,causatur intellectu” Here
Here,ergo causatur intellectu”,againI anonymous parallel
parallel,Here againI anonymous,Metaphysicamn(Turnhout)“Contrasi nullus esset
-tionisProbatioquia,intellectusesset numeralis propor,materia unaetcTamen forte
materia,numeralis propor -tionisProbatioquia,unaetcTamen forte moti
forte,-tionisProbatioquia materia unaetcTamen,moti modis intermediisqui
moti,materia unaetcTamen forte,modis intermediisqui modi
modis,unaetcTamen forte moti,intermediisqui modi tantum
modi,moti modis intermediisqui,tantum intentionales” (“Against
tantum,modis intermediisqui modi,intentionales” (“Against saidit
argued,intentionales” (“Against saidit,understood still proportionThe
still,saidit argued understood,proportionThe proof oneetcNeverthelessperhaps
depend,modes”) belowFor unitythere,act intellect“Ad proportionedico
act,belowFor unitythere depend,intellect“Ad proportionedico realiasicut
esse,intentionaliasicut praedicari subiciPrima,intellectusecunda nonet illa
nonet,subiciPrima esse intellectusecunda,illa qua loquiturquia
illa,esse intellectusecunda nonet,qua loquiturquia praedicata
qua,intellectusecunda nonet illa,loquiturquia praedicata proportionem
double,ipsis”journal arising conceptssuch,triple numberIt think
triple,arising conceptssuch double,numberIt think acknowledge
think,double triple numberIt,acknowledge (egfeathers birds
birds,think acknowledge (egfeathers,scales fish) unitiesinasmuch
scales,acknowledge (egfeathers birds,fish) unitiesinasmuch rely
rely,scales fish) unitiesinasmuch,ones (feathers relate
ones,fish) unitiesinasmuch rely,(feathers relate anyone
dependency,numericalspecificand unity)such mindNotwithstanding,thinks mind-dependent prior
prior,dependency thinks mind-dependent,thingsHe originates rewriting
note,originates rewriting followsTo,every intellect re
re,note every intellect,originatesAnd discover unityAnd
discover,intellect re originatesAnd,unityAnd [division—that simplicity]and
second,simplicity]and ratiowhich unityis,[that proportional](QMetqnOP )From
general,MetVThe mindThe distinguishing,disjunction consider onenamelypredicable
below,joining comparisonIn selections,Philosophicawe pay particular
pay,selections below Philosophicawe,particular unityespecially thingsQuaestiones
Super,particular unityespecially thingsQuaestiones,Librum Elenchorum–The finds
“Ad,finds analogiathe Elenchorumquestions,nota omnis causata
nota,analogiathe Elenchorumquestions “Ad,omnis causata intellectu
VII,tangitur libroquaestione manifestius,Et ex unitate
Et,libroquaestione manifestius VII,ex unitate movetur
ex,manifestius VII Et,unitate movetur inveniendum
quae,movetur inveniendum intentionalem,reali fundaturEt realis
reali,inveniendum intentionalem quae,fundaturEt realis primis
primis,reali fundaturEt realis,membriset rationisquae fundatur
tali,membriset rationisquae fundatur,unitateest secunda divisione”analogous
secunda,fundatur tali unitateest,divisione”analogous scotusQuestion asks
rest,“whether possible primarily,secondarily” (In SEqOP
medium,)An affirmative admission,nameThe motivation concern
‘being’,nameThe motivation concern,substance accidentsBefore delving
SE,analogy”) numericallyspecificallyand genericallythe,equivocalAccordinglyin moving SEwe
SEwe,SE equivocalAccordinglyin moving,move referring equivocationAlthough
move,equivocalAccordinglyin moving SEwe,referring equivocationAlthough silent
silent,move referring equivocationAlthough,apply unitylater Scotistsnotably
looking,Scotistsnotably Mastriusare silentand,insight hold unityAt
hold,silentand looking insight,unityAt SEquestion secondarily
falls,SEqnOP –)Scotus writesNo,diverseThereforeeverything conceivedis conceived
“made,conclusion mediating premise,[literally univocated]” ratioIn
space,univocated]” ratioIn effectthere,conceive exclusion underlying
must,rationesHe writesTo questionit,far side linguistic
far,writesTo questionit must,side linguistic expression
side,questionit must far,linguistic expression [
expression,far side linguistic,[ vocis significantis
“Utrum,signifiedis everything intellectis,possibile aliquod significare
per,possibile aliquod significare,prius reliquum posterius”
“Inter,prius reliquum posterius”,idem diversum cadit
idem,reliquum posterius” “Inter,diversum cadit mediumergo
omne,diversum cadit mediumergo,concipiturconcipitur diversaSed concipiuntur
illis,autem diversa concipiuntursub,rationibus diversis aequivocanturCum
erit,aequivocanturCum igitur mediumomne,simpliciter aequivocum univocum”
Names”,compared contemporariessee Pini“Signification,ratiobecause certain actandthereforewhat
prime,actandthereforewhat anotherThereforeeverything clearFor,matterwhich potencyif understoodit
true,understoodit ratioAndif matterthis,else(In )To What
What,true else(In )To,whatever understandsit anotherThe
evidence,whatever understandsit anotherThe,board distinctionit lacking
board,understandsit anotherThe evidence,distinctionit lacking distinctionthat
our,paragraphScotus clarifies inability,minds univocation entail
minds,clarifies inability our,univocation entail reality“There
expression”,realitybut priority posteriority,perspective logician metaphysician
perspective,priority posteriority expression”,logician metaphysician natural
natural,perspective logician metaphysician,philosopherMetaphysics “things themselves”
“things,metaphysician natural philosopherMetaphysics,themselves” (ipsas res)whereas
standard,reason” (res rationis)Scotus,“body” corruptible incorruptible
“body”,(res rationis)Scotus standard,corruptible incorruptible bodies
“having,corruptible incorruptible bodies,dimensions” though philosopher
though,bodies “having dimensions”,philosopher says differ
says,dimensions” though philosopher,differ SEqnn–OP –)Just
differ,though philosopher says,SEqnn–OP –)Just studies
studies,differ SEqnn–OP –)Just,themselvesequivocation themselvesThe [iethe
case,[iethe metaphysician] quidditiesand,ordered [habitudinem] realityThereforethe
parte,quaestionem dicendum quantum,significantisnon vocem posteriusnam
alio,quidam actuset ideo,distinguitOmne significatursub determinata
ens,determinata significaturHoc patetnam,potentiasi intelligituroportet intelligatur
si,intelligituroportet intelligatur distinctaEt,materiamulto fortius verum
omni,materiamulto fortius verum,alio” SEqin l’analogie–She
alio”,fortius verum omni,SEqin l’analogie–She English
English,alio” SEqin l’analogie–She,translation appendix her
her,English translation appendix,–“Unde analogiased voce
–“Unde,translation appendix her,analogiased voce significante
nulla,analogiased voce significante,prioritas posterioritasQuia ali-qua
magis,posterioritasQuia ali-qua proprietas,convenit uni rei
uni,proprietas magis convenit,rei alteriSed conveniat
rei,magis convenit uni,alteriSed conveniat substantiae
Aristoteles,aliaHoc patet signumquia,libro Praedicamentorumubi determinat
ibi,mentionem analogatased solum,univocis aequivocis”For article-length
grants,analogouslywhere ‘analogy’ secondarilyScotus,thingsincluding substances accidentsdefining
standing,thingsincluding substances accidentsdefining,equivocation)In reduces signifyingHere
salient,equivocation)In reduces signifyingHere,passageNeverthelessit thingssometimes aloneyet
evil,expedience thingsand utility,posterior expressionSimilarly‘being’ accidentAnd
accident,expressionSimilarly‘being’ accidentAnd although,substanceneverthelessin expression[the accident]
hot,equivocationAn [‘healthy’]For ‘healthy’,coldof wet dryThat
wet,‘healthy’ hot coldof,dryThat animal subjectand
animal,coldof wet dryThat,subjectand signin diet
signin,dryThat animal subjectand,diet conservesAnd similarlyit
diet,animal subjectand signin,conservesAnd similarlyit element
element,diet conservesAnd similarlyit,fire matterAnd univocationsince
fire,conservesAnd similarlyit element,matterAnd univocationsince primarily(In
wayan,analogousIn respecta thingsEither,fundamental termand right
right,wayan fundamental termand,mediates equivocationAs manyScotus
“Primus,mediates equivocationAs manyScotus,philosophus res considerat
res,manyScotus “Primus philosophus,considerat suas quiditateset
suas,philosophus res considerat,quiditateset quaedam invicem
dicit,quaedam invicem habitudinemideo,Philosophus analogice dicitur
dicitur,dicit Philosophus analogice,substantia accidenteSed quia
quia,dicitur substantia accidenteSed,logicus ut caduntideo
ut,accidenteSed quia logicus,caduntideo aequivoce accidente”“Verumtamen
terminus,aequivoce accidente”“Verumtamen intelligendum,analogus quandoque plura
primi,repraesentatquan-doque solumsed reperiturExemplum,est‘expedire’ expeditionem boniset
tamen,habeat attributionem substantiamin,nullam habitudinemEt omnia
talia,nullam habitudinemEt omnia,analoga reduci primum
modum,analoga reduci primum,aequivocationisExemplum secundi estnam
animali,calidorum frigidorumhumidorum siccorumista,reperitur subiectoet signoin
dieta,reperitur subiectoet signoin,conservanteEt elemento ignis
materiae,conservanteEt elemento ignis,primaeEt reducenda univocationemcum
primo,primaeEt reducenda univocationemcum,sig-nificent unum” useful
dry”,accidentsScotus signifying coldwet,subjecturine signand conservative
commit,( mindwe principles,regarding options reduce
(c),reduce univocity(b) equivocationor,proportion) equivocationScotus’s permit
option,proportion) equivocationScotus’s permit,(c)There precisely rationesFurthermoreScotus’s
give,metaphysical physical) unityTo,example“external covering animal”
animal”,give example“external covering,“integument”) feathers fishand
feathers,covering animal” “integument”),fishand yetfrom biologist
A,QMetqand SEqq– recognition,fallacy SpainSummaries Logic“Omne
malum,expediens bonummalum expediensergo,bonum” authorship significance
bonum”,bonummalum expediensergo malum,authorship significance Spain’s
significance,malum bonum” authorship,Spain’s Summary Logicsee
pages,Spain’s Summary Logicsee,–In beingDonati shown
–In,Summary Logicsee pages,beingDonati shown was
was,–In beingDonati shown,already scholastics time
time,was already scholastics,ScotusHenceScotus holding received
holding,scholastics time ScotusHenceScotus,received writingSee esp–Pini
subject”,substancewhereas deals inherence,()See Pini’s Scoto
e,()See Pini’s Scoto,l’analogia“Il metafisico considera
la,l’analogia“Il metafisico considera,realtà conosciuta quanto
quanto,la realtà conosciuta,essenza indipendente dall’intellettoil
tale,indipendente dall’intellettoil logico,è tramite un
è,dall’intellettoil logico tale,tramite un o
un,tale è tramite,o più concetti
o,è tramite un,più concetti ed
ed,o più concetti,significata da termine”
da,concetti ed significata,termine” Ensaffirms Lectura
termine”,ed significata da,Ensaffirms Lectura creatures
ratio”,creatures “alterius alterius,More recentlyLaZellaSingular Beingaffirms
More,“alterius alterius ratio”,recentlyLaZellaSingular Beingaffirms thatfor
conception,scotusthat necessarily match,thingsA real-order exist
exist,conception thingsA real-order,absence comparing waysa
absence,thingsA real-order exist,comparing waysa thingsWhat
Question,Praedicamentaand Praedicamenta Aristotelis,familiar QMetAddressing generaScotus
genera,numberin speciesin genusand,modesnamelythe property[This fact]
pair,addressed MetVLikewiseScotus likeness,categorically (in being)
issue,irrespective mindIn Catq,causal realityThe categoriesIn
V,categoriesIn objectionScotus writes“Et,Metaphysicae tot quot
tot,writes“Et V Metaphysicae,quot sescilicet numerospeciegenere
quot,V Metaphysicae tot,sescilicet numerospeciegenere proportioneIdem
duos,numerospeciegenere proportioneIdem numeroquoad,modosscilicet accidente propriopotest
color,accidente propriopotest generibusQuia,proportionequia huiusmodi identitas
CatIn,relates whiteness humanThe,formerthe inferiorsand latterthe
lowest,formerthe inferiorsand latterthe,(animal human)and (color
-ences,(color whiteness)I doctrinal,examplesjournal [a ]thereforethe
reno,generate unitySinceaccording objectionthe,intellectScotus sayingTo thirdI
total,intellectScotus sayingTo thirdI,intentionbut occasionnamelyinasmuch moves
principal,moves actually considerand,intention]Thereforea lesser sufficesbecause
lesser,considerand principal intention]Thereforea,sufficesbecause suffices extrinsic
lend,extrinsic corresponding reality(In,clarity QMetthat occasional
nec,univoce con-venit illisergo,intentioPrima propositio patetquod
reest,propositio patetquod intellectunon,figmentumcuiusmodi intentio”“Ad tertium
dico,figmentumcuiusmodi intentio”“Ad tertium,tota causa intentionissed
tota,intentio”“Ad tertium dico,causa intentionissed occasioscilicet
causa,tertium dico tota,intentionissed occasioscilicet movet
principalis,intellectum actu consideretet,causaIdeo minor intentionisquia
minor,consideretet principalis causaIdeo,intentionisquia aliquo extrinsece
multa,extrinsece moveri causandum,considerationemquibus correspondent re”
re”,multa considerationemquibus correspondent,Pini intentionssecond inten-tionsand
Pini,considerationemquibus correspondent re”,intentionssecond inten-tionsand extramental
why,intentionssecond inten-tionsand extramental,fictitious“Extramental thingswhich intentionsdo
properties,forming intentionsdoes receive,thingsInsteadit reflects thingsNeverthelessthe
forms,thingsInsteadit reflects thingsNeverthelessthe,reflecting operation groundfor
reflecting,reflects thingsNeverthelessthe forms,operation groundfor play
operation,thingsNeverthelessthe forms reflecting,groundfor play role
play,reflecting operation groundfor,role inten-tions—not occasionsThat
role,operation groundfor play,inten-tions—not occasionsThat intentionsThis
ground,inten-tions—not occasionsThat intentionsThis,differentiate fictitious (Categories
assumption,equivocalIn caseScotus denies,correspond equal thingQuestion
equal,denies assumption correspond,thingQuestion develops divergence
established,thingQuestion develops divergence,categories” logiceven Catqnn–OP
books,themselvesThereforebeing affirmed be],Metaphysicsevidently logic[being] becauseinasmuch
once,expressionthey primacy(In passageanalogy,again corresponds equivocationand
corresponds,passageanalogy once again,equivocationand metaphysicianbut logicianThe
–when,beingssubstance explanation Porphyriiqnn–OP,thingsAfter sort unityeven
sort,Porphyriiqnn–OP –when thingsAfter,unityeven “unitas proportionis”
able,totallyHenceunity occasion itNeverthelessthe,intention” (“Contraunitas univocationis
maior,intention” (“Contraunitas univocationis,proportionisIgitur sumiturDici occasionaliter
vox,intellectSee espconclusion “Intelligendum,[‘ens’]quae apud logicum
apud,“Intelligendum vox [‘ens’]quae,logicum aequivoca scilicet
aeque,logicum aequivoca scilicet,importat multaapud metaphysicum
sed,naturalemqui considerant significando,ea significantur suntest
ea,considerant significando sed,significantur suntest quan-tum
quan-tum,ea significantur suntest,exsistunt ordinem seIdeo‘ens’
IV,ordinem seIdeo‘ens’ metaphysico,ponitur analogum substantiam
essendo,substantiam accidensquia significanturin,ordinemsed aequivocumquia vocemaeque
qin,aequivocumquia vocemaeque significantur”,–journal consequently problems
book,writes“I scienceas determined,Metaphysicsnamely knowing” )Turning
authorities,beinghe writesWhen univocalI,proofs demonstrationBut analogousdemonstrations
happen,proofs demonstrationBut analogousdemonstrations,subject] itselfbut attributedBecausefor
status,passageswe attempting equivocity,sciencewhich (per APo)
“unity,APo) scienceFollowing MetVIIScotus,Accordinglydemonstrations properly provided
independent,explains“The interme-diate essences,essenceThe logicianhoweverposits intermediate
omnes,ostenditur necessario univocumdico,illae auctoritates probationes
illae,necessario univocumdico omnes,auctoritates probationes procedunt
illo,procedunt demonstrationisQuando analogumde,fiunt demonstrationessed alia
alia,illo fiunt demonstrationessed,attribuunturQuia determinandum multis
principio,analogatis determinare attribuunturut,MetaphysicaeNec inconveniens scientiaesecundum
–for,ostendantur attribuuntur”See especially,beingScotus attribu-tion Godin
Godin,–for beingScotus attribu-tion,QMetqFor substancesee Godsee
preservation,remarkable anticipation signification),reasoningIn workScotus saves
saves,preservation reasoningIn workScotus,substanceThere substanceand substanceSuch
major,employ premises (egthe,premise)In theological worksScotus
proper,worksScotus thanbut withinthe,accidental being—but nowI
accidental,thanbut withinthe proper,being—but nowI consistency
nowI,proper accidental being—but,consistency positionThroughout transition
transition,nowI consistency positionThroughout,affirming categoriesScotus maintains
r,frombut tothe categoriesanalogous,d i n
d,tothe categoriesanalogous r,i n t
i,categoriesanalogous r d,n t oThe
n,r d i,t oThe defenses
t,d i n,oThe defenses Idand
oThe,i n t,defenses Idand dFor
Catand,uni-vocitysee espMarrone“Notion Univocity”on,Ordinatiosee esp–Marrone sums
sums,Catand Ordinatiosee esp–Marrone,sentence “The accounts
“The,esp–Marrone sums sentence,accounts nearand remain
apart”,accounts nearand remain,()The explained Cross“Duns
influenced,–Cross’s (I unaware,by) seventeenth-century Prince
Prince,influenced by) seventeenth-century,ScotistsBartolomaeus MastriusOn espSmith“Analogy
isin,beingwriting“I creature conceivedthat,altogether creaturebut Him
Him,isin altogether creaturebut,creature” (Ordinatio qq–nVC
lays,emphasis added)Just Aristotlein,thatwhere concernedthere (“a
way“at,itselfa analogousRatherconcepts otherScotus,before” analogy“they distinct”
before”,analogousRatherconcepts otherScotus way“at,analogy“they distinct” reinforces
seem,analogiae) adds“Those [concepts],‘one’ becauseat timethey
‘one’,adds“Those [concepts] seem,becauseat timethey Idistinctions
Henry,timethey Idistinctions contexts,Ghentaccording whom confusion
‘unity,GhentScotus often phrase,attribution’ (unitas attributionis)
place,attribution’ (unitas attributionis),analogy’ Later Scotistsincluding
Later,attributionis) place analogy’,Scotistsincluding Mastriusconsider synonyms
–For,Scotistsincluding Mastriusconsider synonyms,extensive Forlivesi“Nature Transcendental
im,Mastrius’s metaphysicssee AndersenMetaphysik,BarockscotismusSee Andersen’s unsuitable
–“Dico,BarockscotismusSee Andersen’s unsuitable,conceptu analogo conceptui
qui,creaturae concipitur Deusscilicet,omnino alius creatura
alius,Deusscilicet qui omnino,creatura dicitursed univoco
sibi,creatura dicitursed univoco,creaturae” “Ut comparati
“Ut,univoco sibi creaturae”,comparati analogiam simul
simul,“Ut comparati analogiam,distincti” At twentieth
At,analogiam simul distincti”,twentieth century proposed
century,distincti” At twentieth,proposed itselfnamelyMaritain Degrees
me,Maritain support positionit,saying sayingSee MaritainThe
Order,twentieth-century Thomistwho Simon“On,Analogical Sets” –“Non
Sets”,Simon“On Order Analogical,–“Non possunt aliqui
–“Non,Order Analogical Sets”,possunt aliqui conceptus
nisi,aliqui conceptus concipi,naturaliter con-cipiantur distinctione
illi,propria suaquae supponitur,unitati”“Illi videntur ‘unus’
-ent,conceptus”For Ghent’s “confusion”,indistinct conceptssee –analogous
Smith,–analogous ScotusMore recentlyMarrone,stand-in analogyFrom Ordinatiowhich
stand-in,ScotusMore recentlyMarrone Smith,analogyFrom Ordinatiowhich relationshipswe
humans,excluding otherHencejust animals,Socratesunity infinite presence
“Duns,copresent comparisonThe equivocationBut,[in d]in defence
defence,“Duns [in d]in,beingwas countering drawn
drawn,defence beingwas countering,Metaphysicsall ‘ad unum’
‘ad,countering drawn Metaphysicsall,unum’ meant “Thus
“Thus,‘ad unum’ meant,analogyor it‘attribution’ world
world,“Thus analogyor it‘attribution’,consists dependence participation
(n),consists dependence participation,“Attributione sola ponit
sola,participation (n) “Attributione,ponit unitatemquia attributionis
ponit,(n) “Attributione sola,unitatemquia attributionis univocationiset
stare,univocationiset concludit maioremtamen,cum maiore unitatesicut
cum,concludit maioremtamen stare,maiore unitatesicut generesunt
maiore,maioremtamen stare cum,unitatesicut generesunt specielicit
stat,generis specieIta hicconcedo,rationis ipsis speciebusIta—et
community,one)andin positionadopting being)Moreoverthe,shared recognize grade
grade,community shared recognize,superior inferiorindependent dependentinfinite
superior,shared recognize grade,inferiorindependent dependentinfinite finiteWe
accept,numericallyspecificallygenericallyand oneIn QMetScotus,exhaustivewhile OrdinatioScotus found)
else,transcend beingwhich unity(It,specificgenericand products conceptsIndeedI
“said,specificgenericand products conceptsIndeedI,“sufficiently contradiction serving
middle,“sufficiently contradiction serving,syllogism” )conclusionFrom survey
several,survey unitywe derive,pointsFirstanalogous unity—inasmuch Ashworth
Ashworth,several pointsFirstanalogous unity—inasmuch,broadens scope discussing
scope,unity—inasmuch Ashworth broadens,discussing “nouvelle définition
“nouvelle,broadens scope discussing,définition univoque” –“Ce
–“Ce,“nouvelle définition univoque”,latent dans cette
dans,univoque” –“Ce latent,cette citationc’est l’absence
cette,–“Ce latent dans,citationc’est l’absence totale
totale,cette citationc’est l’absence,l’idée que l’univocité
que,l’absence totale l’idée,l’univocité va avec
va,l’idée que l’univocité,avec les cinq
les,l’univocité va avec,cinq predicablesD’un seul
cinq,va avec les,predicablesD’un seul coupDuns
seul,les cinq predicablesD’un,coupDuns Scot abolit
Scot,predicablesD’un seul coupDuns,abolit le problème
le,coupDuns Scot abolit,problème présentait antérieurement
quand,problème présentait antérieurement,cherchait à concilier
à,antérieurement quand cherchait,concilier l’affirmation qu’un
terme,concilier l’affirmation qu’un,univoque signifie soit
une,signifie soit genresoit,espècesoit différencesoit propriétésoit
‘ens’,reconnaissance l’existence termescomme,‘unum’ transcendent catégories
par,‘unum’ transcendent catégories,conséquent signifient ni
ni,par conséquent signifient,genresni espècesni différencesni
deny,evils) meanings dependRather,analogous/proportional/attributive form unityeither
form,dependRather deny analogous/proportional/attributive,unityeither Cat) Ordinatio)Thirdconceptual
carry,causeof mindHencethere thingsFourthrelations,namesThat isalthough realwith
met,concerneddemonstration univocityIn Catthe,occurring substanceIn Ordinatiothis
include,categoriesas beingWhat acknowledgesbut,QMetqRecall objector “”
should,thatby parity reasoningScotus,acknowledging elsewhereand discussions
beingas,elsewhereand discussions being(The,Aquinas’swith arguable exception
De,Aquinas’swith arguable exception,Principiis Naturae) Mind-independent
’s,relationsand (analogy attribution),unitySupposing forgotten set
set,’s unitySupposing forgotten,aside QMetq workwould
make,aside QMetq workwould,univocityMajor figures shouldCajetan
figures,workwould make univocityMajor,shouldCajetan (De Conceptu
resolution,counterarguments OrdinatioIt propose,eminent figuresHoweverI qScotus’s
eminent,OrdinatioIt propose resolution,figuresHoweverI qScotus’s reasons
heart,qScotus’s reasons Scotistic,critiques (especially Cajetan’s)If
Scoti,Logicamdistinction –(VeniceA–B)For engagement,duodecim Stagiritae Libros
Pars,Stagiritae Libros Metaphysicorum,Priordistinction (Venicefolio column
column,Pars Priordistinction (Venicefolio,A)analogous scotusunity independently
Complete,causing equivocationbibliographyPrimary SourcesAristotleThe,Works AristotleRevised TranslationEdited
Works,equivocationbibliographyPrimary SourcesAristotleThe Complete,AristotleRevised TranslationEdited Jonathan
Bonaventura,MastriusDisputationes PriorVenicehttp//prdlorg/author_viewphpa_id=&type=PhilosophyBartolomaeus Mastriusand,LogicamVenicehttp//prdlorg/author_viewphpa_id=&type=PhilosophyJohn ScotusNotabilia MetaphysicamEdited
Giorgio,LogicamVenicehttp//prdlorg/author_viewphpa_id=&type=PhilosophyJohn ScotusNotabilia MetaphysicamEdited,PiniTurnhoutBrepols Publishers———Opera omniavolsEdited
———Opera,CommissionVatican CityTypis Vaticanis–[VC],philosophicavolsEdited Robert RAndrewsTimothy
